latitude,longitude
34.4342,70.4478
34.1718,70.6217
-8.83833,13.2344
-8.49,13.73
-7.61383,15.0506
22.2,92.2167
21.7444,92.3814
23.2409,92.0665
22.6581,92.1688
6.49686,2.62885
6.66446,2.15976
6.35306,2.44417
9.35,2.61667
-3.68885,-62.6221
-2.04091,-55.1242
-4.26098,-55.9866
-3.11903,-60.0217
-3.00249,-47.3531
-8.76116,-63.9004
-5.391,-49.129
-4.23146,-69.9369
-2.935,-48.952
-3.76608,-49.6778
12.35,-1.51667
11.1781,-4.29177
12.6333,-3.71667
12.7333,-3.86667
11.4347,-4.03778
12.5822,-1.3
-3.38333,29.3667
13.0957,103.204
10.9503,104.426
11.1489,103.961
11.6155,104.379
11.8269,106.183
12.9093,102.668
14.0086,104.845
12.5333,103.917
13.7318,106.984
13.064,102.527
12.3252,103.482
3.86667,11.5167
9.3,13.4
3.96667,11.9333
4.08925,9.3146
4.36667,18.5833
12.1348,15.0557
20.0174,110.349
24.7052,97.932
25.0458,102.71
4.59806,-74.0758
3.99761,-73.278
7.59417,-74.8119
1.80667,-78.7647
8.09511,-76.7324
-11.7172,43.2473
-4.26667,15.2833
-4.76916,11.8664
5.31667,-4.03333
5.27118,-3.59392
5.28725,-3.51786
-4.33167,15.3139
0.330192,6.73334
-8.55,125.567
-8.36423,126.904
3.73203,8.767
3.61983,8.74812
1.74579,10.1739
2.04405,9.78368
6.40833,38.3083
7.67848,36.8384
9.31256,42.1227
7.29283,38.3629
4.9227,-52.3269
0.3901,9.4544
-1.63333,13.5833
-0.701546,10.2404
5.55,-0.2
6.80194,-1.08489
6.74704,-1.52086
6.45,-1.58333
7.95592,-1.67607
5.10506,-1.24723
5.56078,-1.05861
7.15,0.46
6.68712,-1.62197
10.9,-1.1
10.8847,-1.09028
5.48564,-0.417994
7.33333,-2.33333
7.333,-2.333
9.4075,-0.853333
9.39301,-0.823481
5.3,-1.983
6.57814,0.450237
5.3902,-2.14502
5.33871,-0.62284
9.4333,-0.01667
9.64119,-13.5784
11.8667,-15.6
11.8817,-15.6178
11.8511,-15.5958
11.9608,-15.5386
6.80855,-58.1613
6.8,-58.1667
18.5333,-72.3333
19.3629,-72.4258
19.7328,-72.195
18.2333,-72.5333
18.3991,-73.383
14.0833,-87.2167
15.2574,-83.7806
16.769,81.9344
26.2006,92.9376
25.7667,90.8
22.8457,81.0755
23.25,91.45
22.2507,84.9959
22.7833,86.5
9.15732,92.7581
20.1,80.8
28.6692,77.4538
15.2993,74.124
22.95,73.55
24.6811,92.5638
22.5677,84.8112
26.6991,89.0179
20.1667,84
22.2737,84.7583
22.9734,78.6569
19.7515,75.7139
20.1,80
24.2667,80.7667
28.6353,77.225
27.2414,94.1056
20.9517,85.0985
21.5833,83.5333
15.493,73.818
23.3321,86.3652
24.5833,73.6833
24.0781,73.6919
9.36667,78.8667
23.2756,75.5277
28.5667,77.55
88.2667,27.2
-2.27754,139.6
-8.4984,116.077
-6.15941,106.811
-7.83994,110.105
-8.36215,114.654
1.12553,97.5247
-7.74037,110.033
5.825,95.3078
-9.69934,119.974
35.6961,51.4231
25.2919,60.6431
26.6308,61.2564
29.5142,60.8564
-1.29207,36.8219
-0.183333,34.3833
-0.09978,34.2744
-0.0833333,35.1333
0.164699,34.7562
0.465231,35.2575
0.282731,34.7519
-3.63333,39.85
-0.0748716,34.6663
-0.678306,34.772
-0.091702,34.768
-0.0917016,34.768
-0.0428065,34.55
-0.436792,34.206
-0.0602319,34.9768
-0.0617328,34.2422
-4.23333,39.5833
14.9363,107.101
18.4363,104.472
20.95,101.4
15.6312,105.808
20.2873,100.71
16.5065,105.594
18.9235,102.448
6.31333,-10.8014
4.37597,-7.70094
-18.9333,47.5167
-14.65,49.65
-22.4036,46.1258
-21.8167,47.3333
-16.1333,46.9667
-18.7698,46.05
-15.7861,35.0058
-15.8877,34.9663
1.67276,109.854
3.97434,102.438
12.65,-8
10.7833,-6.91667
12.7872,-6.94731
11.8833,-8.45
18.4389,1.40833
14.35,-3.61111
18.1,-15.95
16.6912,-9.5451
-25.9667,32.5833
-23.0222,32.7181
-23.717,35.4042
-24.6983,32.4969
22.3897,93.5813
25.8509,97.4381
16.9459,97.9593
24.76,97.5633
24.7892,97.5558
26.6971,87.7634
13.5214,2.10528
9.06667,7.48333
9.13741,3.84897
6.3176,5.6145
7.39639,3.91667
8.49167,8.51667
7.76581,4.56122
33.7819,71.5744
28.4907,65.0958
32.7167,70.3667
24.8615,67.0099
33.7294,73.0931
25.8943,68.5247
-9.4438,147.18
-3.577,142.77
-4.31501,143.046
-4.45952,144.823
-5.2334,145.778
-4.97847,145.776
-4.45952,143.218
-3.57953,143.647
-3.90583,-70.5164
-3,-73
-3.56667,-72.8333
-3.69828,-73.2787
14.5995,120.984
7.56177,125.653
17.474,121.354
9.83906,118.736
-4.26892,15.2136
-2.56041,29.7181
-2.60273,29.7373
24.6333,46.7167
14.7645,-17.366
13.7167,-16.4167
14.7828,-17.376
14.4167,-16.9667
14.75,-17.4
13.7689,-13.6672
14.4167,-16.7
14.7667,-16.9
8.48444,-13.2344
-9.44564,159.973
-8,159
-33.9249,18.4241
-28.6914,31.9027
4.84099,31.579
9.542,30.4094
16.0858,30.0874
14.1122,34.0836
14.0333,35.3833
14.0402,35.388
15.6213,32.639
15.45,36.4
11.184,30.178
11.7455,30.1815
14.3995,33.5203
5.85204,-55.2038
2.0331,-56.1338
-26.3054,31.1367
-26.2167,31.9167
-6.8,39.2833
-6.43725,38.9067
-7.7253,38.9356
-7.72411,38.9359
-6.4,38.6667
-2.41012,32.9462
-7.77,35.69
-1.84916,31.6606
-9.7309,33.8718
-6.78132,38.9929
-6.3069,34.8539
-10.717,38.8
-8.9,33.45
-5.01667,32.7953
-10.7528,39.6227
-5.17594,38.7918
-2.5,32.9
-2.51667,32.9
-5.38333,38.5833
19.7139,98.6267
13.7279,100.524
12.6113,102.104
10.493,99.18
14.0228,99.5328
19.2991,97.9656
16.7124,98.574700000000007
16.6126,98.5921
14.4846,100.852
5.93281,101.762
9.95287,98.6085
15.2656,98.4747
7.18977,100.595
16.884,99.1258
12.6094,102.098
19.0924,100.809
6.54115,101.28
13.4531,-16.5775
13.575,-15.6072
6.13778,1.2125
2.77378,32.2941
1.98333,32.5333
3.03,30.91
0.616667,33
0.424444,33.2042
0.589668,30.2549
0.313611,32.5811
0.316667,32.5833
-0.819525,29.7426
0.5575,31.395
-0.79,29.925
0.692778,34.1811
-17.7333,168.327
-14.281,167.516
-15.6494,167.099
8.08828,-63.5536
6.98121,-61.1403
11.75,106.723
11.7512,106.723
12.71,108.238
11.6595,106.899
9.40067,105.43
14.8022,42.9511
14.7195,44.2479
-15.4167,28.2833
-16.4235,26.783
-6.16592,39.2026
-17.8639,31.0297
-4.75269,38.3438
-4.48017,39.4807
14.7417,48.1014
15.1239,50.4689
6.51941,3.38457
-3.56058,-80.4242
-12.3537,14.7762
5.4268,-4.02862
0.043023,34.318600000000004
0.08982,34.5382
21.546,84.6054
19.3966,84.0863
0.057996,34.2847
12.6842,-2.18869
30.073,71.1924
0.976823,-79.6492
26.0487,92.9099
27.4979,95.3445
27.9242,96.1717
27.1361,95.7384
5.5662,-1.27314
15.5299,37.9131
0.552923,31.3798
22.5697,88.3697
9.60222,-13.7916
6.81623,-5.35118
6.29582,-10.8046
12.6129,-8.1356
8.45456,-13.2937
6.18249,1.17665
12.1292,15.0282
3.75353,8.70697
0.411743,9.29454
8.96349,38.6381
15.5018,32.4325
4.86086,31.5071
-0.611435,30.6193
-13.9632,33.712
-15.4165,28.2037
-17.8163,30.9168
-18.8873,47.3724
8.17161,-76.0798
-5.22951,145.766
-5.16156,38.4404
10.9182,79.7234
32.8872,13.1913
-1.30446,36.7073
-6.16849,35.7239
9.05465,7.25427
12.3587,-1.60688
23.3435,85.1812
-9.35348,28.7285
-0.367868,35.2877
-3.22174,40.1229
21.4509,91.9329
14.9559,103.844
18.1964,94.8498
15.2448,104.847
-12.5905,13.4165
-6.2649,14.2343
22.0392,96.4717
14.7896,-16.9249
2.7724,32.2881
25.6254,90.0914
14.5426,44.3995
6.5486,116.884
12.382,-5.4625
-2.31204,30.0592
-2.1346,29.3133
11.5621,43.1382
6.74875,-8.7674
-0.815042,12.7391
-1.22002,10.5868
-1.14383,12.4647
-11.9192,43.4584
15.2152,43.073
15.0581,43.2873
15.1212,43.4859
13.2612,43.5005
18.6415,-74.1156
18.197,-73.7483
18.442,-73.0857
19.0817,-72.4888
19.6631,-71.8361
19.9402,-72.8293
11.6387,92.7222
7.00595,93.9058
11.8226,13.1532
-16.0191,34.8267
21.7386,98.2381
1.86165,9.77049
1.48314,124.843
1.44084,125.138
16.6587,-9.62316
15.8175,-9.41323
16.3915,-10.1636
-25.4033,32.8031
10.7061,37.0669
13.0341,-9.4895
13.8093,-10.8346
10.7803,35.5658
8.89949,39.917
-9.74041,20.4761
0.002214,18.2229
1.28915,-77.3579
8.98238,-79.5199
9.23444,-78.1926
7.86817,-77.8367
3.88305,-77.0197
2.83087,34.1532
0.278169,32.5853
-13.134,38.9981
-24.5323,32.9832
-4.03833,21.7587
36.7538,3.05876
-16.1171,33.7238
-19.6115,34.7409
22.8671,92.7655
21.3032,92.8453
17.7101,97.2269
17.9063,97.2477
18.1357,97.2658
17.9632,97.284
17.8119,97.3333
17.7131,97.3515
17.917,97.4113
18.2791,97.4162
18.1076,97.466
18.0131,97.4675
17.7317,97.4725
17.592,97.5307
17.9064,97.5436
17.4918,97.5645
17.8226,97.5647
17.7286,97.6106
17.6524,97.6236
17.4344,97.7155
17.5794,97.6523
17.2612,98.0726
17.8381,97.2195
18.0331,97.6299
18.6118,97.2256
8.46722,16.7001
16.7191,98.5345
17.5047,97.6986
9.59031,6.5493
5.43089,-4.04742
17.6126,97.2876
17.6078,8.08167
23.9313,91.8498
12.647,-14.961
21.6516,92.3129
25.3548,51.1839
5.27725,-3.8859
5.60318,-3.15538
18.5364,-74.1611
18.2336,-73.7746
1.61241,16.0519
12.4833,107.201
-19.9547,22.241
12.9107,74.8561
-8.8,35.8167
-4.91155,29.6745
7,39
6.38591,-0.375209
13.05,44.8833
9.55771,-0.946474
9.56152,-0.947762
6.75162,-1.56448
5.78287,0.60373
5.88169,-0.102998
14.4342,33.083
10.658,24.6278
10.1241,32.4873
24.4001,95.8536
-25.2684,32.8711
12.1509,-8.20697
15.2247,-9.58389
2.82,-60.672
33.9,113.5
11.7667,34.35
12.5659,-12.1782
-29.8032,30.6367
19.4477,-71.6934
18.7984,-72.385
18.2678,-72.5716
19.3369,-72.1155
18.6005,-74.0197
18.9999,-71.9534
0.41291,34.0344
-10.6152,26.325
-2.56638,26.6185
-8.73439,25.0033
3.32167,20.2963
-2.22502,28.8314
0.512155,25.1875
-11.6689,27.4775
-4.42545,18.4202
-16.1008,46.6843
-23.5251,47.5541
8.81728,117.504
22.2604,84.8536
21.1938,81.3509
12.2428,102.517
4.05885,9.76464
11.9967,-7.90835
-1.28432,29.6931
13.9235,-84.4004
14.7401,-83.9715
13.7381,-84.7832
16.4141,-86.32
13.622,-87.6556
15.1148,-83.4138
14.0328,-84.5976
14.0358,-83.3916
12.6323,107.808
-15.7697,35.0416
22.8862,95.9753
18.5108,-72.6339
-15.7167,46.3167
-18.15,49.4167
17.4206,97.6323
17.8197,97.4183
18.1071,97.4678
17.9664,97.4948
16.4424,98.1499
16.4531,98.249
16.6013,98.435
15.8682,98.5445
15.8004,98.5517
16.4997,98.2443
16.8127,98.2004
17.6012,97.2288
17.0226,97.8275
17.6107,97.27
18.6134,97.0416
12.3714,-1.51966
